model,domain,factor,ATE,ci_low,ci_high,n_pairs
anthropic__claude-haiku-4.5,academic_qa,S1,-0.08666666666666667,-0.18683333333333332,0.013499999999999849,450
anthropic__claude-haiku-4.5,academic_qa,S2,-0.15333333333333332,-0.25333333333333335,-0.06,450
anthropic__claude-haiku-4.5,academic_qa,S3,0.16,0.06666666666666667,0.26,450
anthropic__claude-haiku-4.5,academic_qa,S4,-0.013333333333333334,-0.12016666666666666,0.09333333333333334,450
anthropic__claude-haiku-4.5,academic_qa,O1,-0.06,-0.14666666666666667,0.020166666666666517,450
anthropic__claude-haiku-4.5,academic_qa,O2,-0.05333333333333334,-0.14,0.02,450
anthropic__claude-haiku-4.5,academic_qa,O3,-0.03333333333333333,-0.14,0.06666666666666667,450
anthropic__claude-haiku-4.5,academic_qa,O4,-0.12,-0.24666666666666667,-0.01316666666666682,450
anthropic__claude-haiku-4.5,consumer_product,S1,0.013333333333333334,-0.08,0.10666666666666667,450
anthropic__claude-haiku-4.5,consumer_product,S2,-0.16666666666666666,-0.29333333333333333,-0.05333333333333334,450
anthropic__claude-haiku-4.5,consumer_product,S3,-0.24666666666666667,-0.36666666666666664,-0.13316666666666682,450
anthropic__claude-haiku-4.5,consumer_product,S4,0.10666666666666667,0.006666666666666667,0.20666666666666667,450
anthropic__claude-haiku-4.5,consumer_product,O1,0.03333333333333333,-0.04,0.10666666666666667,450
anthropic__claude-haiku-4.5,consumer_product,O2,-0.06,-0.16,0.02666666666666667,450
anthropic__claude-haiku-4.5,consumer_product,O3,0.07333333333333333,-0.03333333333333333,0.17333333333333334,450
anthropic__claude-haiku-4.5,consumer_product,O4,-0.013333333333333334,-0.12666666666666668,0.1,450
anthropic__claude-haiku-4.5,finance,S1,0.10666666666666667,0.02,0.20666666666666667,450
anthropic__claude-haiku-4.5,finance,S2,0.04,-0.04,0.13333333333333333,450
anthropic__claude-haiku-4.5,finance,S3,0.09333333333333334,-0.006666666666666667,0.2,450
anthropic__claude-haiku-4.5,finance,S4,0.1,0.0,0.20666666666666667,450
anthropic__claude-haiku-4.5,finance,O1,-0.05333333333333334,-0.16,0.05333333333333334,450
anthropic__claude-haiku-4.5,finance,O2,-0.08,-0.16,0.0,450
anthropic__claude-haiku-4.5,finance,O3,0.03333333333333333,-0.05333333333333334,0.12,450
anthropic__claude-haiku-4.5,finance,O4,-0.07333333333333333,-0.16666666666666666,0.006833333333333182,450
anthropic__claude-haiku-4.5,health,S1,0.10666666666666667,0.013166666666666677,0.19349999999999984,450
anthropic__claude-haiku-4.5,health,S2,0.06,-0.05333333333333334,0.18666666666666668,450
anthropic__claude-haiku-4.5,health,S3,0.05333333333333334,-0.04666666666666667,0.15333333333333332,450
anthropic__claude-haiku-4.5,health,S4,0.08,-0.02,0.18666666666666668,450
anthropic__claude-haiku-4.5,health,O1,0.006666666666666667,-0.1,0.11333333333333333,450
anthropic__claude-haiku-4.5,health,O2,0.05333333333333334,-0.04666666666666667,0.15349999999999983,450
anthropic__claude-haiku-4.5,health,O3,0.06666666666666667,-0.03333333333333333,0.16,450
anthropic__claude-haiku-4.5,health,O4,-0.02,-0.12,0.07333333333333333,450
anthropic__claude-haiku-4.5,travel,S1,-0.04,-0.12666666666666668,0.05333333333333334,450
anthropic__claude-haiku-4.5,travel,S2,-0.06,-0.12666666666666668,0.006666666666666667,450
anthropic__claude-haiku-4.5,travel,S3,-0.25333333333333335,-0.36,-0.1531666666666668,450
anthropic__claude-haiku-4.5,travel,S4,0.05333333333333334,0.006666666666666667,0.10666666666666667,450
anthropic__claude-haiku-4.5,travel,O1,-0.02,-0.07333333333333333,0.03333333333333333,450
anthropic__claude-haiku-4.5,travel,O2,-0.04,-0.09333333333333334,0.013333333333333334,450
anthropic__claude-haiku-4.5,travel,O3,0.0,-0.06666666666666667,0.07333333333333333,450
anthropic__claude-haiku-4.5,travel,O4,-0.06,-0.14666666666666667,0.013333333333333334,450
deepseek-v4-flash,academic_qa,S1,-0.0044943820224719105,-0.08600473746545598,0.07920359924791832,450
deepseek-v4-flash,academic_qa,S2,-0.14317673378076062,-0.22991071428571427,-0.06661830357142862,450
deepseek-v4-flash,academic_qa,S3,0.21076233183856502,0.1216079869106775,0.3042723576628152,450
deepseek-v4-flash,academic_qa,S4,-0.026785714285714284,-0.11334598214285714,0.047233458177278365,450
deepseek-v4-flash,academic_qa,O1,-0.026785714285714284,-0.10468876897704568,0.0490032535637235,450
deepseek-v4-flash,academic_qa,O2,0.029213483146067417,-0.05843025609879543,0.11633761699822433,450
deepseek-v4-flash,academic_qa,O3,-0.07829977628635347,-0.15024964824018866,-0.015589334323187331,450
deepseek-v4-flash,academic_qa,O4,0.026845637583892617,-0.06711785596051403,0.109375,450
deepseek-v4-flash,consumer_product,S1,0.23370786516853934,0.14696198328123283,0.3242828734202484,450
deepseek-v4-flash,consumer_product,S2,-0.12751677852348994,-0.24949400665649007,-0.020025016627365718,450
deepseek-v4-flash,consumer_product,S3,-0.04017857142857143,-0.133630289532294,0.05172956132228919,450
deepseek-v4-flash,consumer_product,S4,0.12723214285714285,0.00439866369710468,0.2577795216741405,450
deepseek-v4-flash,consumer_product,O1,0.03803131991051454,-0.05592841163310962,0.13646532438478748,450
deepseek-v4-flash,consumer_product,O2,-0.0066815144766146995,-0.09777777777777778,0.08222222222222222,450
deepseek-v4-flash,consumer_product,O3,0.051111111111111114,-0.04888888888888889,0.15777777777777777,450
deepseek-v4-flash,consumer_product,O4,0.11235955056179775,0.011284783730982195,0.21592897085983992,450
deepseek-v4-flash,finance,S1,0.2802690582959641,0.17526129251187694,0.39014414560325544,450
deepseek-v4-flash,finance,S2,0.020316027088036117,-0.04308390022675737,0.08823529411764706,450
deepseek-v4-flash,finance,S3,0.20134228187919462,0.08685486265775798,0.3236607142857143,450
deepseek-v4-flash,finance,S4,0.10538116591928251,0.02027027027027027,0.19687904415084118,450
deepseek-v4-flash,finance,O1,-0.022321428571428572,-0.09600376045688547,0.05345509863188037,450
deepseek-v4-flash,finance,O2,0.01580135440180587,-0.0696629213483146,0.09912162162162161,450
deepseek-v4-flash,finance,O3,-0.011210762331838564,-0.0717529097596614,0.05580982743433696,450
deepseek-v4-flash,finance,O4,0.026905829596412557,-0.06971507028770091,0.11714019141636066,450
deepseek-v4-flash,health,S1,0.28859060402684567,0.1829799107142857,0.40229145766452645,450
deepseek-v4-flash,health,S2,0.017977528089887642,-0.07404708520179372,0.11062820815758118,450
deepseek-v4-flash,health,S3,0.18058690744920994,0.07172861232824701,0.29093274372686134,450
deepseek-v4-flash,health,S4,0.09192825112107623,-0.006668161434977579,0.18369874977017833,450
deepseek-v4-flash,health,O1,0.026905829596412557,-0.04730264767029473,0.11137103082664435,450
deepseek-v4-flash,health,O2,0.08295964125560538,-0.020408496732026143,0.18333939193654983,450
deepseek-v4-flash,health,O3,0.06950672645739911,-0.024665062729883606,0.16180686304281808,450
deepseek-v4-flash,health,O4,0.07589285714285714,0.01116009286509704,0.1451055513292761,450
deepseek-v4-flash,travel,S1,0.22297297297297297,0.14055797599938852,0.3115197051888571,450
deepseek-v4-flash,travel,S2,-0.029213483146067417,-0.10503770971217484,0.042795207735952655,450
deepseek-v4-flash,travel,S3,-0.10538116591928251,-0.19689012894955132,-0.02702550865472214,450
deepseek-v4-flash,travel,S4,-0.0022471910112359553,-0.07830857401402609,0.06487695749440715,450
deepseek-v4-flash,travel,O1,-0.0045045045045045045,-0.06068100540238922,0.049773755656108594,450
deepseek-v4-flash,travel,O2,-0.035955056179775284,-0.10072132670182166,0.02242152466367713,450
deepseek-v4-flash,travel,O3,-0.03811659192825112,-0.1036036036036036,0.02013535678815421,450
deepseek-v4-flash,travel,O4,0.05580357142857143,-0.024498886414253896,0.13171119274503523,450
doubao-seed-2-0-mini-260428,academic_qa,S1,-0.03777777777777778,-0.14444444444444443,0.062277777777777724,450
doubao-seed-2-0-mini-260428,academic_qa,S2,-0.13111111111111112,-0.2288888888888889,-0.03777777777777778,450
doubao-seed-2-0-mini-260428,academic_qa,S3,0.12222222222222222,0.024388888888888894,0.21777777777777776,450
doubao-seed-2-0-mini-260428,academic_qa,S4,0.06222222222222222,-0.008888888888888889,0.14,450
doubao-seed-2-0-mini-260428,academic_qa,O1,-0.05555555555555555,-0.15338888888888888,0.03561111111111106,450
doubao-seed-2-0-mini-260428,academic_qa,O2,-0.02666666666666667,-0.1111111111111111,0.04672222222222217,450
doubao-seed-2-0-mini-260428,academic_qa,O3,-0.006666666666666667,-0.08222222222222222,0.06672222222222217,450
doubao-seed-2-0-mini-260428,academic_qa,O4,0.06222222222222222,-0.04,0.16,450
doubao-seed-2-0-mini-260428,consumer_product,S1,0.15555555555555556,0.06661111111111111,0.24888888888888888,450
doubao-seed-2-0-mini-260428,consumer_product,S2,-0.13333333333333333,-0.2422777777777778,-0.022222222222222223,450
doubao-seed-2-0-mini-260428,consumer_product,S3,-0.12222222222222222,-0.20894444444444446,-0.024444444444444446,450
doubao-seed-2-0-mini-260428,consumer_product,S4,0.17777777777777778,0.0555,0.2979444444444443,450
doubao-seed-2-0-mini-260428,consumer_product,O1,0.0,-0.07777777777777778,0.08444444444444445,450
doubao-seed-2-0-mini-260428,consumer_product,O2,-0.02666666666666667,-0.10894444444444444,0.06444444444444444,450
doubao-seed-2-0-mini-260428,consumer_product,O3,0.04888888888888889,-0.03111111111111111,0.1288888888888889,450
doubao-seed-2-0-mini-260428,consumer_product,O4,0.07333333333333333,-0.006666666666666667,0.16666666666666666,450
doubao-seed-2-0-mini-260428,finance,S1,0.20222222222222222,0.10222222222222223,0.2956111111111111,450
doubao-seed-2-0-mini-260428,finance,S2,-0.044444444444444446,-0.13111111111111112,0.03777777777777778,450
doubao-seed-2-0-mini-260428,finance,S3,0.15333333333333332,0.05333333333333334,0.25333333333333335,450
doubao-seed-2-0-mini-260428,finance,S4,0.16,0.044388888888888894,0.2756111111111111,450
doubao-seed-2-0-mini-260428,finance,O1,-0.09333333333333334,-0.18894444444444444,-0.0021666666666667173,450
doubao-seed-2-0-mini-260428,finance,O2,-0.03333333333333333,-0.09111111111111111,0.02,450
doubao-seed-2-0-mini-260428,finance,O3,0.06,-0.028888888888888888,0.14894444444444438,450
doubao-seed-2-0-mini-260428,finance,O4,0.022222222222222223,-0.0645,0.10444444444444445,450
doubao-seed-2-0-mini-260428,health,S1,0.1511111111111111,0.057777777777777775,0.25555555555555554,450
doubao-seed-2-0-mini-260428,health,S2,-0.0022222222222222222,-0.12233333333333332,0.10449999999999995,450
doubao-seed-2-0-mini-260428,health,S3,0.051111111111111114,-0.051166666666666666,0.16455555555555545,450
doubao-seed-2-0-mini-260428,health,S4,0.17333333333333334,0.07994444444444444,0.28005555555555556,450
doubao-seed-2-0-mini-260428,health,O1,0.035555555555555556,-0.04666666666666667,0.12444444444444444,450
doubao-seed-2-0-mini-260428,health,O2,0.11333333333333333,0.028888888888888888,0.2111666666666666,450
doubao-seed-2-0-mini-260428,health,O3,0.06888888888888889,-0.042277777777777775,0.18666666666666668,450
doubao-seed-2-0-mini-260428,health,O4,0.022222222222222223,-0.03111111111111111,0.08,450
doubao-seed-2-0-mini-260428,travel,S1,0.0022222222222222222,-0.08222222222222222,0.08666666666666667,450
doubao-seed-2-0-mini-260428,travel,S2,-0.10222222222222223,-0.18,-0.03333333333333333,450
doubao-seed-2-0-mini-260428,travel,S3,-0.09555555555555556,-0.18,-0.013333333333333334,450
doubao-seed-2-0-mini-260428,travel,S4,0.015555555555555555,-0.0645,0.09777777777777778,450
doubao-seed-2-0-mini-260428,travel,O1,-0.02,-0.06444444444444444,0.022222222222222223,450
doubao-seed-2-0-mini-260428,travel,O2,-0.022222222222222223,-0.10005555555555556,0.051111111111111114,450
doubao-seed-2-0-mini-260428,travel,O3,0.02666666666666667,-0.03333333333333333,0.09555555555555556,450
doubao-seed-2-0-mini-260428,travel,O4,0.03333333333333333,-0.020055555555555552,0.08222222222222222,450
google__gemini-3.1-flash-lite,academic_qa,S1,-0.07111111111111111,-0.1933888888888889,0.048944444444444395,450
google__gemini-3.1-flash-lite,academic_qa,S2,-0.13333333333333333,-0.2245,-0.04888888888888889,450
google__gemini-3.1-flash-lite,academic_qa,S3,0.24666666666666667,0.13777777777777778,0.3511666666666666,450
google__gemini-3.1-flash-lite,academic_qa,S4,0.017777777777777778,-0.05783333333333333,0.09333333333333334,450
google__gemini-3.1-flash-lite,academic_qa,O1,-0.008888888888888889,-0.1,0.08,450
google__gemini-3.1-flash-lite,academic_qa,O2,-0.03777777777777778,-0.14444444444444443,0.07777777777777778,450
google__gemini-3.1-flash-lite,academic_qa,O3,-0.07555555555555556,-0.1645,0.0,450
google__gemini-3.1-flash-lite,academic_qa,O4,0.024444444444444446,-0.1,0.13777777777777778,450
google__gemini-3.1-flash-lite,consumer_product,S1,0.17333333333333334,0.044388888888888894,0.29777777777777775,450
google__gemini-3.1-flash-lite,consumer_product,S2,-0.12,-0.24,0.006666666666666667,450
google__gemini-3.1-flash-lite,consumer_product,S3,-0.07333333333333333,-0.18666666666666668,0.03777777777777778,450
google__gemini-3.1-flash-lite,consumer_product,S4,0.1511111111111111,0.01994444444444445,0.284611111111111,450
google__gemini-3.1-flash-lite,consumer_product,O1,0.04,-0.042222222222222223,0.13116666666666663,450
google__gemini-3.1-flash-lite,consumer_product,O2,-0.02,-0.1245,0.08,450
google__gemini-3.1-flash-lite,consumer_product,O3,0.06222222222222222,-0.031166666666666662,0.16,450
google__gemini-3.1-flash-lite,consumer_product,O4,0.057777777777777775,-0.057777777777777775,0.17561111111111105,450
google__gemini-3.1-flash-lite,finance,S1,0.1288888888888889,0.042222222222222223,0.2311666666666666,450
google__gemini-3.1-flash-lite,finance,S2,-0.051111111111111114,-0.14222222222222222,0.03777777777777778,450
google__gemini-3.1-flash-lite,finance,S3,0.21555555555555556,0.11777777777777777,0.33338888888888885,450
google__gemini-3.1-flash-lite,finance,S4,0.051111111111111114,-0.057777777777777775,0.1600555555555555,450
google__gemini-3.1-flash-lite,finance,O1,0.006666666666666667,-0.10005555555555556,0.11777777777777777,450
google__gemini-3.1-flash-lite,finance,O2,-0.042222222222222223,-0.12444444444444444,0.04666666666666667,450
google__gemini-3.1-flash-lite,finance,O3,0.04888888888888889,-0.024444444444444446,0.13338888888888883,450
google__gemini-3.1-flash-lite,finance,O4,0.03111111111111111,-0.04888888888888889,0.11333333333333333,450
google__gemini-3.1-flash-lite,health,S1,0.14444444444444443,0.024444444444444446,0.2822222222222222,450
google__gemini-3.1-flash-lite,health,S2,0.057777777777777775,-0.07777777777777778,0.19561111111111107,450
google__gemini-3.1-flash-lite,health,S3,0.16444444444444445,0.044388888888888894,0.28444444444444444,450
google__gemini-3.1-flash-lite,health,S4,0.057777777777777775,-0.05555555555555555,0.1711111111111111,450
google__gemini-3.1-flash-lite,health,O1,0.08222222222222222,-0.020055555555555552,0.19555555555555557,450
google__gemini-3.1-flash-lite,health,O2,0.07555555555555556,-0.03783333333333333,0.18666666666666668,450
google__gemini-3.1-flash-lite,health,O3,0.09333333333333334,-0.024444444444444446,0.2111111111111111,450
google__gemini-3.1-flash-lite,health,O4,0.044444444444444446,-0.035555555555555556,0.12227777777777772,450
google__gemini-3.1-flash-lite,travel,S1,0.10888888888888888,0.008888888888888889,0.21333333333333335,450
google__gemini-3.1-flash-lite,travel,S2,-0.08888888888888889,-0.1622222222222222,-0.013333333333333334,450
google__gemini-3.1-flash-lite,travel,S3,-0.09555555555555556,-0.17783333333333334,-0.022166666666666716,450
google__gemini-3.1-flash-lite,travel,S4,0.022222222222222223,-0.04666666666666667,0.08888888888888889,450
google__gemini-3.1-flash-lite,travel,O1,0.0022222222222222222,-0.05333333333333334,0.06666666666666667,450
google__gemini-3.1-flash-lite,travel,O2,0.0044444444444444444,-0.06666666666666667,0.07111111111111111,450
google__gemini-3.1-flash-lite,travel,O3,0.015555555555555555,-0.04888888888888889,0.08666666666666667,450
google__gemini-3.1-flash-lite,travel,O4,-0.022222222222222223,-0.08666666666666667,0.026722222222222175,450
kimi__kimi-k2.5,academic_qa,S1,-0.08222222222222222,-0.1756111111111111,0.02,450
kimi__kimi-k2.5,academic_qa,S2,-0.17555555555555555,-0.27116666666666667,-0.08666666666666667,450
kimi__kimi-k2.5,academic_qa,S3,0.16444444444444445,0.07766666666666668,0.25555555555555554,450
kimi__kimi-k2.5,academic_qa,S4,-0.03333333333333333,-0.10450000000000001,0.044444444444444446,450
kimi__kimi-k2.5,academic_qa,O1,-0.10222222222222223,-0.19555555555555557,-0.024333333333333436,450
kimi__kimi-k2.5,academic_qa,O2,-0.10444444444444445,-0.2,-0.024444444444444446,450
kimi__kimi-k2.5,academic_qa,O3,-0.1,-0.1733888888888889,-0.03111111111111111,450
kimi__kimi-k2.5,academic_qa,O4,-0.011111111111111112,-0.11338888888888889,0.08222222222222222,450
kimi__kimi-k2.5,consumer_product,S1,0.14222222222222222,0.03994444444444445,0.24666666666666667,450
kimi__kimi-k2.5,consumer_product,S2,-0.15555555555555556,-0.28,-0.04888888888888889,450
kimi__kimi-k2.5,consumer_product,S3,-0.07777777777777778,-0.17777777777777778,0.02666666666666667,450
kimi__kimi-k2.5,consumer_product,S4,0.08222222222222222,-0.03333333333333333,0.19116666666666662,450
kimi__kimi-k2.5,consumer_product,O1,0.07777777777777778,-0.0022222222222222222,0.16666666666666666,450
kimi__kimi-k2.5,consumer_product,O2,0.017777777777777778,-0.07116666666666667,0.1111111111111111,450
kimi__kimi-k2.5,consumer_product,O3,0.03333333333333333,-0.06672222222222222,0.13338888888888883,450
kimi__kimi-k2.5,consumer_product,O4,0.03777777777777778,-0.06222222222222222,0.13783333333333328,450
kimi__kimi-k2.5,finance,S1,0.16,0.07333333333333333,0.24888888888888888,450
kimi__kimi-k2.5,finance,S2,-0.042222222222222223,-0.13111111111111112,0.03777777777777778,450
kimi__kimi-k2.5,finance,S3,0.10666666666666667,-0.0044444444444444444,0.22444444444444445,450
kimi__kimi-k2.5,finance,S4,0.09777777777777778,-0.01783333333333333,0.20666666666666667,450
kimi__kimi-k2.5,finance,O1,-0.04888888888888889,-0.15561111111111112,0.06449999999999995,450
kimi__kimi-k2.5,finance,O2,-0.02,-0.10666666666666667,0.0600555555555555,450
kimi__kimi-k2.5,finance,O3,-0.017777777777777778,-0.10227777777777779,0.06672222222222217,450
kimi__kimi-k2.5,finance,O4,0.028888888888888888,-0.057777777777777775,0.11116666666666661,450
kimi__kimi-k2.5,health,S1,0.08666666666666667,-0.015611111111111107,0.18449999999999994,450
kimi__kimi-k2.5,health,S2,-0.02666666666666667,-0.13111111111111112,0.07777777777777778,450
kimi__kimi-k2.5,health,S3,0.02666666666666667,-0.07777777777777778,0.12,450
kimi__kimi-k2.5,health,S4,0.06222222222222222,-0.05783333333333333,0.17777777777777778,450
kimi__kimi-k2.5,health,O1,0.03333333333333333,-0.055611111111111104,0.12444444444444444,450
kimi__kimi-k2.5,health,O2,0.03333333333333333,-0.07555555555555556,0.14672222222222217,450
kimi__kimi-k2.5,health,O3,0.06,-0.05333333333333334,0.1600555555555555,450
kimi__kimi-k2.5,health,O4,0.08666666666666667,0.0044444444444444444,0.17338888888888884,450
kimi__kimi-k2.5,travel,S1,0.08666666666666667,-0.00672222222222222,0.18222222222222223,450
kimi__kimi-k2.5,travel,S2,-0.04888888888888889,-0.10672222222222223,0.0,450
kimi__kimi-k2.5,travel,S3,-0.14666666666666667,-0.2422777777777778,-0.06661111111111116,450
kimi__kimi-k2.5,travel,S4,0.042222222222222223,-0.028888888888888888,0.11338888888888883,450
kimi__kimi-k2.5,travel,O1,-0.008888888888888889,-0.05783333333333333,0.04666666666666667,450
kimi__kimi-k2.5,travel,O2,-0.03777777777777778,-0.11338888888888889,0.024444444444444446,450
kimi__kimi-k2.5,travel,O3,-0.044444444444444446,-0.09777777777777778,0.0022222222222222222,450
kimi__kimi-k2.5,travel,O4,0.044444444444444446,-0.035555555555555556,0.11777777777777777,450
meta-llama__llama-4-maverick,academic_qa,S1,-0.0022222222222222222,-0.09111111111111111,0.08666666666666667,450
meta-llama__llama-4-maverick,academic_qa,S2,-0.08222222222222222,-0.1756111111111111,0.008888888888888889,450
meta-llama__llama-4-maverick,academic_qa,S3,0.2,0.11333333333333333,0.29333333333333333,450
meta-llama__llama-4-maverick,academic_qa,S4,0.022271714922048998,-0.06013698596086541,0.10467706013363029,450
meta-llama__llama-4-maverick,academic_qa,O1,-0.03111111111111111,-0.11333333333333333,0.051111111111111114,450
meta-llama__llama-4-maverick,academic_qa,O2,0.022222222222222223,-0.06222222222222222,0.10222222222222223,450
meta-llama__llama-4-maverick,academic_qa,O3,-0.08444444444444445,-0.15555555555555556,-0.02666666666666667,450
meta-llama__llama-4-maverick,academic_qa,O4,-0.02,-0.11555555555555555,0.07333333333333333,450
meta-llama__llama-4-maverick,consumer_product,S1,0.08666666666666667,-0.0022222222222222222,0.18449999999999994,450
meta-llama__llama-4-maverick,consumer_product,S2,-0.11333333333333333,-0.22233333333333333,0.0022222222222222222,450
meta-llama__llama-4-maverick,consumer_product,S3,-0.008888888888888889,-0.12,0.10666666666666667,450
meta-llama__llama-4-maverick,consumer_product,S4,0.14,0.044444444444444446,0.24672222222222218,450
meta-llama__llama-4-maverick,consumer_product,O1,-0.05555555555555555,-0.1511111111111111,0.05333333333333334,450
meta-llama__llama-4-maverick,consumer_product,O2,0.024444444444444446,-0.06444444444444444,0.11777777777777777,450
meta-llama__llama-4-maverick,consumer_product,O3,0.0,-0.10233333333333333,0.10449999999999995,450
meta-llama__llama-4-maverick,consumer_product,O4,0.06444444444444444,-0.03777777777777778,0.16227777777777772,450
meta-llama__llama-4-maverick,finance,S1,0.18444444444444444,0.05555555555555555,0.3067222222222222,450
meta-llama__llama-4-maverick,finance,S2,-0.008888888888888889,-0.10666666666666667,0.09116666666666662,450
meta-llama__llama-4-maverick,finance,S3,0.18666666666666668,0.06666666666666667,0.29777777777777775,450
meta-llama__llama-4-maverick,finance,S4,0.12,-0.006666666666666667,0.24666666666666667,450
meta-llama__llama-4-maverick,finance,O1,-0.057777777777777775,-0.15555555555555556,0.04,450
meta-llama__llama-4-maverick,finance,O2,-0.06444444444444444,-0.14444444444444443,0.006722222222222172,450
meta-llama__llama-4-maverick,finance,O3,0.011111111111111112,-0.08666666666666667,0.10888888888888888,450
meta-llama__llama-4-maverick,finance,O4,0.008888888888888889,-0.08222222222222222,0.09116666666666662,450
meta-llama__llama-4-maverick,health,S1,0.09777777777777778,-0.015555555555555555,0.21333333333333335,450
meta-llama__llama-4-maverick,health,S2,0.05555555555555555,-0.044444444444444446,0.15561111111111106,450
meta-llama__llama-4-maverick,health,S3,0.1511111111111111,0.04666666666666667,0.2577777777777778,450
meta-llama__llama-4-maverick,health,S4,0.1688888888888889,0.05105555555555556,0.28888888888888886,450
meta-llama__llama-4-maverick,health,O1,-0.035555555555555556,-0.13111111111111112,0.057777777777777775,450
meta-llama__llama-4-maverick,health,O2,0.08666666666666667,-0.015555555555555555,0.19333333333333333,450
meta-llama__llama-4-maverick,health,O3,0.08222222222222222,-0.028888888888888888,0.18672222222222218,450
meta-llama__llama-4-maverick,health,O4,0.09333333333333334,0.024444444444444446,0.17555555555555555,450
meta-llama__llama-4-maverick,travel,S1,0.017777777777777778,-0.06222222222222222,0.09783333333333329,450
meta-llama__llama-4-maverick,travel,S2,-0.12666666666666668,-0.2088888888888889,-0.05555555555555555,450
meta-llama__llama-4-maverick,travel,S3,-0.08666666666666667,-0.18666666666666668,0.0,450
meta-llama__llama-4-maverick,travel,S4,0.051111111111111114,-0.04666666666666667,0.15555555555555556,450
meta-llama__llama-4-maverick,travel,O1,-0.07777777777777778,-0.1733888888888889,0.017833333333333284,450
meta-llama__llama-4-maverick,travel,O2,0.022222222222222223,-0.033388888888888885,0.08666666666666667,450
meta-llama__llama-4-maverick,travel,O3,-0.04888888888888889,-0.1288888888888889,0.028888888888888888,450
meta-llama__llama-4-maverick,travel,O4,0.017777777777777778,-0.0445,0.06888888888888889,450
minimax__MiniMax-M3,academic_qa,S1,-0.13111111111111112,-0.2111111111111111,-0.051111111111111114,450
minimax__MiniMax-M3,academic_qa,S2,-0.13333333333333333,-0.2222222222222222,-0.05333333333333334,450
minimax__MiniMax-M3,academic_qa,S3,0.18930957683741648,0.09328285077951003,0.2796510067114094,450
minimax__MiniMax-M3,academic_qa,S4,-0.05333333333333334,-0.13111111111111112,0.024499999999999952,450
minimax__MiniMax-M3,academic_qa,O1,-0.05555555555555555,-0.13555555555555557,0.017777777777777778,450
minimax__MiniMax-M3,academic_qa,O2,-0.035555555555555556,-0.11783333333333333,0.03777777777777778,450
minimax__MiniMax-M3,academic_qa,O3,-0.06444444444444444,-0.13333333333333333,0.002277777777777727,450
minimax__MiniMax-M3,academic_qa,O4,-0.04666666666666667,-0.12227777777777778,0.022222222222222223,450
minimax__MiniMax-M3,consumer_product,S1,-0.024444444444444446,-0.11555555555555555,0.06677777777777767,450
minimax__MiniMax-M3,consumer_product,S2,-0.11555555555555555,-0.2311111111111111,-0.01327777777777783,450
minimax__MiniMax-M3,consumer_product,S3,-0.1,-0.20666666666666667,0.017777777777777778,450
minimax__MiniMax-M3,consumer_product,S4,0.035555555555555556,-0.05555555555555555,0.13333333333333333,450
minimax__MiniMax-M3,consumer_product,O1,-0.0022222222222222222,-0.08666666666666667,0.0800555555555555,450
minimax__MiniMax-M3,consumer_product,O2,-0.04888888888888889,-0.12,0.02,450
minimax__MiniMax-M3,consumer_product,O3,-0.022222222222222223,-0.12222222222222222,0.0800555555555555,450
minimax__MiniMax-M3,consumer_product,O4,0.011111111111111112,-0.07116666666666667,0.09338888888888884,450
minimax__MiniMax-M3,finance,S1,0.06222222222222222,-0.017777777777777778,0.14894444444444438,450
minimax__MiniMax-M3,finance,S2,-0.013333333333333334,-0.06888888888888889,0.044444444444444446,450
minimax__MiniMax-M3,finance,S3,0.17777777777777778,0.08444444444444445,0.28,450
minimax__MiniMax-M3,finance,S4,0.057777777777777775,-0.031166666666666662,0.14222222222222222,450
minimax__MiniMax-M3,finance,O1,-0.08444444444444445,-0.18005555555555555,0.008944444444444394,450
minimax__MiniMax-M3,finance,O2,-0.024444444444444446,-0.08666666666666667,0.03777777777777778,450
minimax__MiniMax-M3,finance,O3,-0.006666666666666667,-0.07783333333333334,0.06444444444444444,450
minimax__MiniMax-M3,finance,O4,-0.028888888888888888,-0.1,0.03561111111111106,450
minimax__MiniMax-M3,health,S1,-0.02666666666666667,-0.12222222222222222,0.06666666666666667,450
minimax__MiniMax-M3,health,S2,0.017777777777777778,-0.08666666666666667,0.11777777777777777,450
minimax__MiniMax-M3,health,S3,0.16,0.06444444444444444,0.24888888888888888,450
minimax__MiniMax-M3,health,S4,0.06888888888888889,-0.022222222222222223,0.15783333333333327,450
minimax__MiniMax-M3,health,O1,0.06222222222222222,-0.024444444444444446,0.15555555555555556,450
minimax__MiniMax-M3,health,O2,0.07333333333333333,-0.03333333333333333,0.17333333333333334,450
minimax__MiniMax-M3,health,O3,0.08222222222222222,-0.017777777777777778,0.17777777777777778,450
minimax__MiniMax-M3,health,O4,0.13333333333333333,0.057777777777777775,0.22444444444444445,450
minimax__MiniMax-M3,travel,S1,0.0022222222222222222,-0.06,0.06449999999999995,450
minimax__MiniMax-M3,travel,S2,-0.05555555555555555,-0.1288888888888889,0.013388888888888839,450
minimax__MiniMax-M3,travel,S3,-0.12444444444444444,-0.21561111111111111,-0.03333333333333333,450
minimax__MiniMax-M3,travel,S4,0.015555555555555555,-0.042222222222222223,0.07111111111111111,450
minimax__MiniMax-M3,travel,O1,-0.05555555555555555,-0.11338888888888889,-0.0043888888888889395,450
minimax__MiniMax-M3,travel,O2,-0.022222222222222223,-0.07555555555555556,0.031166666666666617,450
minimax__MiniMax-M3,travel,O3,-0.062360801781737196,-0.12695585925071587,-0.0022222222222222222,450
minimax__MiniMax-M3,travel,O4,-0.028888888888888888,-0.11116666666666666,0.04888888888888889,450
mistralai__mistral-small-2603,academic_qa,S1,-0.06349206349206349,-0.1738812906652503,0.03837471783295711,450
mistralai__mistral-small-2603,academic_qa,S2,-0.1493212669683258,-0.26984747023809524,-0.04575364734874764,450
mistralai__mistral-small-2603,academic_qa,S3,0.21867881548974943,0.10753530601947883,0.32361372608563616,450
mistralai__mistral-small-2603,academic_qa,S4,0.04100227790432802,-0.044619702341030305,0.13337209302325578,449
mistralai__mistral-small-2603,academic_qa,O1,-0.05191873589164785,-0.17090965352971157,0.06084943199550587,450
mistralai__mistral-small-2603,academic_qa,O2,-0.013605442176870748,-0.09276543950913699,0.06353032244287846,450
mistralai__mistral-small-2603,academic_qa,O3,-0.033936651583710405,-0.13274213839734098,0.058440215037325785,450
mistralai__mistral-small-2603,academic_qa,O4,0.03619909502262444,-0.05032700454559509,0.11936936936936937,450
mistralai__mistral-small-2603,consumer_product,S1,0.10071942446043165,0.011824670485771509,0.1943979551036728,442
mistralai__mistral-small-2603,consumer_product,S2,-0.1597051597051597,-0.28245363968707976,-0.04333853934255544,443
mistralai__mistral-small-2603,consumer_product,S3,-0.0375,-0.1363749434644957,0.07233161029465171,448
mistralai__mistral-small-2603,consumer_product,S4,0.18536585365853658,0.05936127686692544,0.309155192761605,442
mistralai__mistral-small-2603,consumer_product,O1,0.07524271844660194,-0.02343324403708883,0.16784869976359337,442
mistralai__mistral-small-2603,consumer_product,O2,0.0024390243902439024,-0.10750673558897243,0.10680034294546684,445
mistralai__mistral-small-2603,consumer_product,O3,0.06295399515738499,-0.057220363698747646,0.18012702326686195,446
mistralai__mistral-small-2603,consumer_product,O4,0.09336609336609336,0.0022941176470588267,0.19518552358534394,444
mistralai__mistral-small-2603,finance,S1,0.16981132075471697,0.05271791868830517,0.29048378926038504,450
mistralai__mistral-small-2603,finance,S2,0.018779342723004695,-0.07655975297652164,0.11167151040938937,446
mistralai__mistral-small-2603,finance,S3,0.2,0.09409313725490197,0.31295843520782396,445
mistralai__mistral-small-2603,finance,S4,0.11888111888111888,0.004575163398692813,0.23959302325581391,450
mistralai__mistral-small-2603,finance,O1,-0.016666666666666666,-0.12409485419617243,0.10576548531289909,450
mistralai__mistral-small-2603,finance,O2,-0.01627906976744186,-0.09434833761819687,0.06461285146610747,449
mistralai__mistral-small-2603,finance,O3,0.06937799043062201,-0.03473238680718189,0.1764952743687403,443
mistralai__mistral-small-2603,finance,O4,0.013986013986013986,-0.06684766185691622,0.0876848560645954,449
mistralai__mistral-small-2603,health,S1,0.12669683257918551,0.029554255539449167,0.2403649774516548,450
mistralai__mistral-small-2603,health,S2,-0.03644646924829157,-0.14091096293902064,0.0636710150835711,450
mistralai__mistral-small-2603,health,S3,0.04772727272727273,-0.0247752808988764,0.1216284851442865,450
mistralai__mistral-small-2603,health,S4,0.09195402298850575,0.016052302982173833,0.17728910728910727,450
mistralai__mistral-small-2603,health,O1,0.022935779816513763,-0.06408059128330572,0.11059907834101383,450
mistralai__mistral-small-2603,health,O2,-0.027586206896551724,-0.1350765225788844,0.08696150777822098,450
mistralai__mistral-small-2603,health,O3,0.04100227790432802,-0.05965905576744666,0.13896009506870116,450
mistralai__mistral-small-2603,health,O4,0.0400890868596882,-0.015556421677802523,0.10272271825396821,450
mistralai__mistral-small-2603,travel,S1,0.031818181818181815,-0.027213983543303424,0.09979607403602171,450
mistralai__mistral-small-2603,travel,S2,-0.1334841628959276,-0.2098241998548855,-0.06818181818181818,450
mistralai__mistral-small-2603,travel,S3,-0.16129032258064516,-0.2552018794298001,-0.07304693566924488,450
mistralai__mistral-small-2603,travel,S4,0.02968036529680365,-0.025232264406206403,0.08905644780349549,450
mistralai__mistral-small-2603,travel,O1,-0.06726457399103139,-0.14480370273109244,0.004526443604964921,450
mistralai__mistral-small-2603,travel,O2,-0.052873563218390804,-0.1273341916354557,0.01566891404174281,450
mistralai__mistral-small-2603,travel,O3,-0.08968609865470852,-0.15282623582823954,-0.02927927927927928,450
mistralai__mistral-small-2603,travel,O4,-0.011389521640091117,-0.09955882352941176,0.07273141437150549,450
openai__gpt-5.4-mini,academic_qa,S1,-0.26222222222222225,-0.36227777777777775,-0.1622222222222222,450
openai__gpt-5.4-mini,academic_qa,S2,-0.10666666666666667,-0.19555555555555557,-0.024444444444444446,450
openai__gpt-5.4-mini,academic_qa,S3,0.13777777777777778,0.057777777777777775,0.22444444444444445,450
openai__gpt-5.4-mini,academic_qa,S4,-0.10666666666666667,-0.17116666666666666,-0.022166666666666716,450
openai__gpt-5.4-mini,academic_qa,O1,-0.12444444444444444,-0.20894444444444446,-0.04888888888888889,450
openai__gpt-5.4-mini,academic_qa,O2,-0.09777777777777778,-0.18,-0.022222222222222223,450
openai__gpt-5.4-mini,academic_qa,O3,-0.11333333333333333,-0.19333333333333333,-0.04216666666666672,450
openai__gpt-5.4-mini,academic_qa,O4,-0.13111111111111112,-0.22894444444444445,-0.0399444444444445,450
openai__gpt-5.4-mini,consumer_product,S1,-0.06666666666666667,-0.16,0.020055555555555507,450
openai__gpt-5.4-mini,consumer_product,S2,-0.07777777777777778,-0.18,0.028888888888888888,450
openai__gpt-5.4-mini,consumer_product,S3,-0.2222222222222222,-0.3267777777777778,-0.10661111111111117,450
openai__gpt-5.4-mini,consumer_product,S4,0.042222222222222223,-0.05555555555555555,0.14888888888888888,450
openai__gpt-5.4-mini,consumer_product,O1,0.08,0.006666666666666667,0.1600555555555555,450
openai__gpt-5.4-mini,consumer_product,O2,-0.02666666666666667,-0.0933888888888889,0.04888888888888889,450
openai__gpt-5.4-mini,consumer_product,O3,0.03333333333333333,-0.051166666666666666,0.12222222222222222,450
openai__gpt-5.4-mini,consumer_product,O4,-0.035555555555555556,-0.13783333333333334,0.0600555555555555,450
openai__gpt-5.4-mini,finance,S1,-0.08666666666666667,-0.17783333333333334,-0.006666666666666667,450
openai__gpt-5.4-mini,finance,S2,-0.0022222222222222222,-0.06222222222222222,0.05783333333333328,450
openai__gpt-5.4-mini,finance,S3,0.08444444444444445,-0.0022222222222222222,0.1778333333333333,450
openai__gpt-5.4-mini,finance,S4,0.0,-0.07338888888888889,0.06894444444444439,450
openai__gpt-5.4-mini,finance,O1,-0.03333333333333333,-0.10666666666666667,0.040055555555555504,450
openai__gpt-5.4-mini,finance,O2,-0.008888888888888889,-0.08444444444444445,0.06,450
openai__gpt-5.4-mini,finance,O3,0.017777777777777778,-0.051111111111111114,0.09555555555555556,450
openai__gpt-5.4-mini,finance,O4,0.03333333333333333,-0.03333333333333333,0.10222222222222223,450
openai__gpt-5.4-mini,health,S1,-0.2288888888888889,-0.32666666666666666,-0.13550000000000006,450
openai__gpt-5.4-mini,health,S2,0.022222222222222223,-0.06666666666666667,0.11555555555555555,450
openai__gpt-5.4-mini,health,S3,-0.02,-0.08444444444444445,0.04,450
openai__gpt-5.4-mini,health,S4,-0.013333333333333334,-0.10222222222222223,0.08227777777777773,450
openai__gpt-5.4-mini,health,O1,0.04666666666666667,-0.017777777777777778,0.11555555555555555,450
openai__gpt-5.4-mini,health,O2,0.0022222222222222222,-0.09555555555555556,0.08672222222222217,450
openai__gpt-5.4-mini,health,O3,-0.0022222222222222222,-0.1,0.08449999999999995,450
openai__gpt-5.4-mini,health,O4,0.044444444444444446,-0.04888888888888889,0.14666666666666667,450
openai__gpt-5.4-mini,travel,S1,-0.13333333333333333,-0.21783333333333332,-0.05555555555555555,450
openai__gpt-5.4-mini,travel,S2,-0.044444444444444446,-0.11333333333333333,0.015555555555555555,450
openai__gpt-5.4-mini,travel,S3,-0.2777777777777778,-0.3844444444444444,-0.18216666666666673,450
openai__gpt-5.4-mini,travel,S4,-0.006666666666666667,-0.06888888888888889,0.051111111111111114,450
openai__gpt-5.4-mini,travel,O1,-0.04666666666666667,-0.10222222222222223,0.0022222222222222222,450
openai__gpt-5.4-mini,travel,O2,-0.05555555555555555,-0.11333333333333333,0.0022222222222222222,450
openai__gpt-5.4-mini,travel,O3,-0.044444444444444446,-0.1,0.02,450
openai__gpt-5.4-mini,travel,O4,0.015555555555555555,-0.06666666666666667,0.08672222222222217,450
qwen__qwen3.6-flash,academic_qa,S1,-0.15333333333333332,-0.25555555555555554,-0.051111111111111114,450
qwen__qwen3.6-flash,academic_qa,S2,-0.1622222222222222,-0.2533888888888889,-0.07327777777777783,450
qwen__qwen3.6-flash,academic_qa,S3,0.11555555555555555,0.02216666666666667,0.2089444444444444,450
qwen__qwen3.6-flash,academic_qa,S4,-0.0022222222222222222,-0.08666666666666667,0.08666666666666667,450
qwen__qwen3.6-flash,academic_qa,O1,-0.10666666666666667,-0.19777777777777777,-0.02,450
qwen__qwen3.6-flash,academic_qa,O2,-0.06666666666666667,-0.15333333333333332,0.013333333333333334,450
qwen__qwen3.6-flash,academic_qa,O3,-0.06444444444444444,-0.15561111111111112,0.01561111111111106,450
qwen__qwen3.6-flash,academic_qa,O4,-0.08222222222222222,-0.18005555555555555,0.0044444444444444444,450
qwen__qwen3.6-flash,consumer_product,S1,0.051111111111111114,-0.02666666666666667,0.13561111111111107,450
qwen__qwen3.6-flash,consumer_product,S2,-0.10888888888888888,-0.2133888888888889,-0.0022222222222222222,450
qwen__qwen3.6-flash,consumer_product,S3,-0.12222222222222222,-0.2356111111111111,0.0,450
qwen__qwen3.6-flash,consumer_product,S4,0.12222222222222222,0.006666666666666667,0.24222222222222223,450
qwen__qwen3.6-flash,consumer_product,O1,-0.0022222222222222222,-0.044444444444444446,0.04,450
qwen__qwen3.6-flash,consumer_product,O2,-0.051111111111111114,-0.1511111111111111,0.03777777777777778,450
qwen__qwen3.6-flash,consumer_product,O3,0.022222222222222223,-0.07555555555555556,0.12222222222222222,450
qwen__qwen3.6-flash,consumer_product,O4,-0.024444444444444446,-0.10005555555555556,0.04666666666666667,450
qwen__qwen3.6-flash,finance,S1,0.14,0.035555555555555556,0.24233333333333323,450
qwen__qwen3.6-flash,finance,S2,-0.013333333333333334,-0.10222222222222223,0.07111111111111111,450
qwen__qwen3.6-flash,finance,S3,0.1111111111111111,0.0022222222222222222,0.21783333333333327,450
qwen__qwen3.6-flash,finance,S4,0.06888888888888889,-0.03777777777777778,0.17338888888888884,450
qwen__qwen3.6-flash,finance,O1,-0.042222222222222223,-0.14444444444444443,0.057777777777777775,450
qwen__qwen3.6-flash,finance,O2,-0.04,-0.1111111111111111,0.028888888888888888,450
qwen__qwen3.6-flash,finance,O3,0.022222222222222223,-0.05333333333333334,0.09783333333333329,450
qwen__qwen3.6-flash,finance,O4,-0.042222222222222223,-0.13111111111111112,0.05338888888888884,450
qwen__qwen3.6-flash,health,S1,0.08,-0.00672222222222222,0.1688888888888889,450
qwen__qwen3.6-flash,health,S2,0.028888888888888888,-0.08222222222222222,0.14222222222222222,450
qwen__qwen3.6-flash,health,S3,0.08222222222222222,-0.028888888888888888,0.1889444444444444,450
qwen__qwen3.6-flash,health,S4,0.07333333333333333,-0.022277777777777775,0.1711666666666666,450
qwen__qwen3.6-flash,health,O1,0.051111111111111114,-0.042222222222222223,0.13783333333333328,450
qwen__qwen3.6-flash,health,O2,0.08666666666666667,-0.013333333333333334,0.19555555555555557,450
qwen__qwen3.6-flash,health,O3,0.06444444444444444,-0.04888888888888889,0.1711111111111111,450
qwen__qwen3.6-flash,health,O4,0.024444444444444446,-0.042222222222222223,0.09333333333333334,450
qwen__qwen3.6-flash,travel,S1,0.02,-0.05783333333333333,0.10444444444444445,450
qwen__qwen3.6-flash,travel,S2,-0.09111111111111111,-0.1688888888888889,-0.01772222222222227,450
qwen__qwen3.6-flash,travel,S3,-0.20666666666666667,-0.32222222222222224,-0.10222222222222223,450
qwen__qwen3.6-flash,travel,S4,0.04666666666666667,-0.044444444444444446,0.13783333333333328,450
qwen__qwen3.6-flash,travel,O1,0.011111111111111112,-0.06666666666666667,0.09333333333333334,450
qwen__qwen3.6-flash,travel,O2,-0.051111111111111114,-0.13783333333333334,0.028888888888888888,450
qwen__qwen3.6-flash,travel,O3,-0.05555555555555555,-0.13783333333333334,0.024444444444444446,450
qwen__qwen3.6-flash,travel,O4,-0.0044444444444444444,-0.09111111111111111,0.07333333333333333,450
